CHR,SNP,BP,FREQ_AD,FREQ_CON,OR_assoc,L95a,U95a,P_assoc,NMISS,OR_log,L95,U95,P_log,Group
1,rs5744177,223283837,0.007955,0.01141,0.6948,0.4564,1.058,0.08771,4854,0.5269,0.3082,0.901,0.01924,1_Ydb
1,rs56243703,223284069,0.004868,0.005309,0.9164,0.5219,1.609,0.7612,4888,1.212,0.5933,2.478,0.5973,1_Ydb
1,rs5744175,223284444,0.008102,0.01134,0.7119,0.4695,1.08,0.108,4893,0.527,0.3085,0.9002,0.01904,1_Ydb
1,rs5744174,223284528,0.4309,0.4396,0.9652,0.8899,1.047,0.3928,4812,0.9442,0.8485,1.051,0.2926,1_Ydb
1,rs5744168,223285200,0.06131,0.05513,1.119,0.9441,1.327,0.1939,4883,1.297,1.045,1.608,0.01807,1_Ydb
