CHR,SNP,BP,FREQ_AD,FREQ_CON,OR_assoc,L95a,U95a,P_assoc,NMISS,OR_log,L95,U95,P_log,Group
1,rs5744177,223283837,0.008705,0.01108,0.7837,0.5658,1.086,0.1416,7721,0.6711,0.4681,0.9623,0.03009,3_Comb
1,rs56243703,223284069,0.00484,0.005407,0.8946,0.5726,1.398,0.6246,7755,0.9758,0.605,1.574,0.9199,3_Comb
1,rs5744175,223284444,0.008792,0.01104,0.7945,0.5745,1.099,0.1632,7759,0.6711,0.4686,0.9609,0.02944,3_Comb
1,rs5744174,223284528,0.4262,0.4415,0.9395,0.881,1.002,0.05743,7679,0.9366,0.8719,1.006,0.07235,3_Comb
1,rs5744168,223285200,0.06226,0.05811,1.076,0.9419,1.229,0.2802,7750,1.04,0.8991,1.203,0.5966,3_Comb
