CHR,SNP,BP,FREQ_AD,FREQ_CON,OR_assoc,L95a,U95a,P_assoc,NMISS,OR_log,L95,U95,P_log,Group
1,rs5744177,223283837,0.009984,0.01053,0.948,0.5641,1.593,0.8401,2867,0.8616,0.4516,1.644,0.6514,2_ADSP
1,rs56243703,223284069,0.004792,0.005573,0.8593,0.4131,1.787,0.6845,2867,1.078,0.4534,2.563,0.8651,2_ADSP
1,rs5744175,223284444,0.009984,0.01053,0.9474,0.5638,1.592,0.8382,2866,0.861,0.4513,1.643,0.6497,2_ADSP
1,rs5744174,223284528,0.4181,0.4446,0.8977,0.8079,0.9976,0.04497,2867,0.8751,0.771,0.9933,0.039,2_ADSP
1,rs5744168,223285200,0.0639,0.06316,1.013,0.8175,1.254,0.9093,2867,0.9932,0.7715,1.279,0.9581,2_ADSP
